{"cameraMode":{"drawMode":0,"name":"Shaded","section":"Shading Mode"},"sceneLighting":true,"audioPlay":false,"sceneViewState":{"m_AlwaysRefresh":false,"showFog":true,"showSkybox":true,"showFlares":true,"showImageEffects":true,"showParticleSystems":true,"showVisualEffectGraphs":true,"m_FxEnabled":true},"in2DMode":false,"pivot":{"x":62.26408386230469,"y":1064.894775390625,"z":0.8352451324462891},"rotation":{"x":0.3587142825126648,"y":-0.007000702898949385,"z":0.0026901508681476118,"w":0.9334248304367065},"size":327.1208801269531,"orthographic":true}