{"cameraMode":{"drawMode":0,"name":"Shaded","section":"Shading Mode"},"sceneLighting":false,"audioPlay":false,"sceneViewState":{"m_AlwaysRefresh":false,"showFog":true,"showSkybox":false,"showFlares":true,"showImageEffects":true,"showParticleSystems":true,"showVisualEffectGraphs":true,"m_FxEnabled":true},"in2DMode":false,"pivot":{"x":521.7269897460938,"y":11.406217575073243,"z":-317.41253662109377},"rotation":{"x":0.3587142825126648,"y":-0.007000702898949385,"z":0.0026901508681476118,"w":0.9334248304367065},"size":6.184412002563477,"orthographic":true}